test_id,kind,app,test_nodes,validation,per_node,source
basic-http-code,HTTPChaos,ts-basic-service,http_replace_response|selector,platform_blocked,http_replace_response=platform_blocked(ebtables),raw_yaml\HTTPChaos\20d849d2f9f3010388561d1b.yaml
basic-http-outbound,HTTPChaos,ts-basic-service,http_delay|selector,platform_blocked,http_delay=platform_blocked(ebtables),raw_yaml\HTTPChaos\531ab36ff1f051ed34529059.yaml
config-http-code,HTTPChaos,ts-config-service,http_replace_response|selector,platform_blocked,http_replace_response=platform_blocked(ebtables),raw_yaml\HTTPChaos\8bc4603fcd09969e970ca760.yaml
config-http-outbound,HTTPChaos,ts-config-service,http_delay|selector,platform_blocked,http_delay=platform_blocked(ebtables),raw_yaml\HTTPChaos\f3a95cee9bfbb1817cbf1fc7.yaml
consign-http-code,HTTPChaos,ts-consign-service,http_replace_response|selector,platform_blocked,http_replace_response=platform_blocked(ebtables),raw_yaml\HTTPChaos\f462e7f3c354f59b81d4b900.yaml
consign-http-outbound,HTTPChaos,ts-consign-service,http_delay|selector,platform_blocked,http_delay=platform_blocked(ebtables),raw_yaml\HTTPChaos\fdd9e6c522c1786233cc9ef9.yaml
order-http-code,HTTPChaos,ts-order-service,http_replace_response|selector,platform_blocked,http_replace_response=platform_blocked,raw_yaml\HTTPChaos\a554bb3751e7b1c20eead94c.yaml
order-http-outbound,HTTPChaos,ts-order-service,http_delay|selector,platform_blocked,http_delay=platform_blocked(ebtables),raw_yaml\HTTPChaos\36a5910d11a10f0d76c22762.yaml
order-other-http-code,HTTPChaos,ts-order-other-service,http_replace_response|selector,platform_blocked,http_replace_response=platform_blocked(ebtables),raw_yaml\HTTPChaos\0edf0d330242a9491ee1937a.yaml
order-other-http-outbound,HTTPChaos,ts-order-other-service,http_delay|selector,platform_blocked,http_delay=platform_blocked(ebtables),raw_yaml\HTTPChaos\463240fb134be4e38ed46834.yaml
price-http-code,HTTPChaos,ts-price-service,http_replace_response|selector,platform_blocked,http_replace_response=platform_blocked(ebtables),raw_yaml\HTTPChaos\f991deb2fd05ec30db837ab6.yaml
price-http-outbound,HTTPChaos,ts-price-service,http_delay|selector,platform_blocked,http_delay=platform_blocked(ebtables),raw_yaml\HTTPChaos\7004bd9d7c6fc2fa25faabcc.yaml
rebook-http-code,HTTPChaos,ts-rebook-service,http_replace_response|selector,platform_blocked,http_replace_response=platform_blocked(ebtables),raw_yaml\HTTPChaos\7674a89e22036d72aae632e6.yaml
rebook-http-outbound,HTTPChaos,ts-rebook-service,http_delay|selector,platform_blocked,http_delay=platform_blocked(ebtables),raw_yaml\HTTPChaos\ce71347a642c302647c85686.yaml
route-http-code,HTTPChaos,ts-route-service,http_replace_response|selector,platform_blocked,http_replace_response=platform_blocked(ebtables),raw_yaml\HTTPChaos\f2adfacac6d5cfe95f458552.yaml
route-http-outbound,HTTPChaos,ts-route-service,http_delay|selector,platform_blocked,http_delay=platform_blocked(ebtables),raw_yaml\HTTPChaos\c24b9aed9f96880f481aaf5d.yaml
seat-http-code,HTTPChaos,ts-seat-service,http_replace_response|selector,platform_blocked,http_replace_response=platform_blocked(ebtables),raw_yaml\HTTPChaos\fc8e359a0896be17c9bf95bc.yaml
seat-http-outbound,HTTPChaos,ts-seat-service,http_delay|selector,platform_blocked,http_delay=platform_blocked(ebtables),raw_yaml\HTTPChaos\7fa6c2fe68643b07cead1bfe.yaml
station-http-code,HTTPChaos,ts-station-service,http_replace_response|selector,platform_blocked,http_replace_response=platform_blocked(ebtables),raw_yaml\HTTPChaos\ea385a54e97fa6c75fcc2749.yaml
station-http-outbound,HTTPChaos,ts-station-service,http_delay|selector,platform_blocked,http_delay=platform_blocked(ebtables),raw_yaml\HTTPChaos\93086d10d4f4b7c8d40b1f49.yaml
ticketinfo-http-code,HTTPChaos,ts-ticketinfo-service,http_replace_response|selector,platform_blocked,http_replace_response=platform_blocked(ebtables),raw_yaml\HTTPChaos\43f8bb03322b6a78eb6a9e63.yaml
ticketinfo-http-outbound,HTTPChaos,ts-ticketinfo-service,http_delay|selector,platform_blocked,http_delay=platform_blocked(ebtables),raw_yaml\HTTPChaos\56e62ae158a72897a6cba645.yaml
train-http-code,HTTPChaos,ts-train-service,http_replace_response|selector,platform_blocked,http_replace_response=platform_blocked(ebtables),raw_yaml\HTTPChaos\84fa3ea38cd0c98c38b5f8f1.yaml
train-http-outbound,HTTPChaos,ts-train-service,http_delay|selector,platform_blocked,http_delay=platform_blocked(ebtables),raw_yaml\HTTPChaos\a12a4dfe36ccd221af8dfa2a.yaml
travel-http-code,HTTPChaos,ts-travel-service,http_replace_response|selector,platform_blocked,http_replace_response=platform_blocked(ebtables),raw_yaml\HTTPChaos\0c829ea120dd0d3a6ae14386.yaml
travel-http-outbound,HTTPChaos,ts-travel-service,http_delay|selector,platform_blocked,http_delay=platform_blocked(ebtables),raw_yaml\HTTPChaos\609c6768e75ee50536d34b46.yaml
travel-plan-http-code,HTTPChaos,ts-travel-plan-service,http_replace_response|selector,platform_blocked,http_replace_response=platform_blocked(ebtables),raw_yaml\HTTPChaos\9eeb8f012c3d9176b5412957.yaml
travel-plan-http-outbound,HTTPChaos,ts-travel-plan-service,http_abort|selector,platform_blocked,http_abort=platform_blocked(ebtables),raw_yaml\HTTPChaos\ef5eab08ae35f408e9b48385.yaml
user-http-code,HTTPChaos,ts-user-service,http_replace_response|selector,platform_blocked,http_replace_response=platform_blocked(ebtables),raw_yaml\HTTPChaos\5fa4a3579af154f2408f00d1.yaml
user-http-outbound,HTTPChaos,ts-user-service,http_delay|selector,platform_blocked,http_delay=platform_blocked(ebtables),raw_yaml\HTTPChaos\c991ecb27bef43833f51fedd.yaml
basic-network-delay,NetworkChaos,ts-basic-service,network_delay|selector,verified,network_delay=verified_runtime,raw_yaml\NetworkChaos\3bcece5e00de3ef54d6d6b0f.yaml
config-network-delay,NetworkChaos,ts-config-service,network_delay|selector,not_run,network_delay=not_run,raw_yaml\NetworkChaos\8d501460aa5490c4f2ff2c82.yaml
consign-network-delay,NetworkChaos,ts-consign-service,network_delay|selector,not_run,network_delay=not_run,raw_yaml\NetworkChaos\ea67ff8225d38c307911fdd8.yaml
order-network-delay,NetworkChaos,ts-order-service,network_delay|selector,not_reachable,network_delay=not_reachable(static),raw_yaml\NetworkChaos\661b0ac8ed245799ce7b5069.yaml
order-other-network-delay,NetworkChaos,ts-order-other-service,network_delay|selector,not_run,network_delay=not_run,raw_yaml\NetworkChaos\1142c902fcf68ff09e75a184.yaml
price-network-delay,NetworkChaos,ts-price-service,network_delay|selector,not_run,network_delay=not_run,raw_yaml\NetworkChaos\d4dbc3a0180bed05a9bfdec7.yaml
rebook-network-delay,NetworkChaos,ts-rebook-service,network_delay|selector,not_run,network_delay=not_run,raw_yaml\NetworkChaos\35b540ce69a289b2c17788d2.yaml
route-network-delay,NetworkChaos,ts-route-service,network_delay|selector,not_run,network_delay=not_run,raw_yaml\NetworkChaos\c4cc604cdd5f7f4fb704035f.yaml
seat-network-delay,NetworkChaos,ts-seat-service,network_delay|selector,not_run,network_delay=not_run,raw_yaml\NetworkChaos\e24529963822b30144814d20.yaml
station-network-delay,NetworkChaos,ts-station-service,network_delay|selector,verified,network_delay=verified_runtime,raw_yaml\NetworkChaos\12dc6229a88844cfed2d9849.yaml
ticketinfo-network-delay,NetworkChaos,ts-ticketinfo-service,network_delay|selector,not_run,network_delay=not_run,raw_yaml\NetworkChaos\7a8750af303b90a12516bd02.yaml
train-network-delay,NetworkChaos,ts-train-service,network_delay|selector,not_run,network_delay=not_run,raw_yaml\NetworkChaos\b5165b901c226906983fa9fc.yaml
travel-network-delay,NetworkChaos,ts-travel-service,network_delay|selector,not_run,network_delay=not_run,raw_yaml\NetworkChaos\8f21343ae2db3eb6edee6f01.yaml
travel-plan-network-delay,NetworkChaos,ts-travel-plan-service,network_delay|selector,not_run,network_delay=not_run,raw_yaml\NetworkChaos\7b6b71973d6dd1ec921856b6.yaml
user-network-delay,NetworkChaos,ts-user-service,network_delay|selector,not_run,network_delay=not_run,raw_yaml\NetworkChaos\9376c0d47e0e8142abff8aea.yaml
basic-stress-cpu,StressChaos,ts-basic-service,selector|stress_cpu,verified,stress_cpu=verified_runtime,raw_yaml\StressChaos\27e24dfe4fb46964bad2692a.yaml
order-stress-cpu,StressChaos,ts-order-service,selector|stress_cpu,verified,stress_cpu=verified_runtime,raw_yaml\StressChaos\0885ce87187120d724117939.yaml
route-stress-cpu,StressChaos,ts-route-service,selector|stress_cpu,not_run,stress_cpu=not_run,raw_yaml\StressChaos\19862a23e5d687b0448751ce.yaml
station-stress-cpu,StressChaos,ts-station-service,selector|stress_cpu,verified,stress_cpu=verified_runtime,raw_yaml\StressChaos\5b343bc4bceb93b92dc24d72.yaml
ticketinfo-stress-cpu,StressChaos,ts-ticketinfo-service,selector|stress_cpu,not_run,stress_cpu=not_run,raw_yaml\StressChaos\c4ce6d910697313fd7e0f410.yaml
travel-plan-stress-cpu,StressChaos,ts-travel-plan-service,selector|stress_cpu,not_run,stress_cpu=not_run,raw_yaml\StressChaos\c96cbff4784519b7dbdd318e.yaml
travel-stress-cpu,StressChaos,ts-travel-service,selector|stress_cpu,not_run,stress_cpu=not_run,raw_yaml\StressChaos\bc69bc848ddee6c6adc649d5.yaml
user-stress-cpu,StressChaos,ts-user-service,selector|stress_cpu,not_run,stress_cpu=not_run,raw_yaml\StressChaos\8aa2fe3e6d207deb9b79877a.yaml
tt-chaos,Workflow,-,workflow_schedule|workflow_serial,static_only,workflow_schedule=static_only(high_blast); workflow_serial=static_only(high_blast),raw_yaml\Workflow\ad491d88d8b162c44f7c4aa5.yaml
